SET SQL_MODE = "NO_AUTO_VALUE_ON_ZERO";

/*!40101 SET @OLD_CHARACTER_SET_CLIENT=@@CHARACTER_SET_CLIENT */;
/*!40101 SET @OLD_CHARACTER_SET_RESULTS=@@CHARACTER_SET_RESULTS */;
/*!40101 SET @OLD_COLLATION_CONNECTION=@@COLLATION_CONNECTION */;
/*!40101 SET NAMES utf8 */;

TRUNCATE TABLE `t_fid`;
INSERT INTO `t_fid` (`fid`, `name`) VALUES
('-9999', '重新登录'),
('-9997', '首页'),
('-9996', '修改我的密码'),
('-9995', '帮助'),
('-9994', '关于'),
('-8999', '用户管理'),
('-8999-01', '组织机构在业务单据中的使用权限'),
('-8999-02', '业务员在业务单据中的使用权限'),
('-8997', '业务日志'),
('-8996', '权限管理'),
('1001', '物资'),
('1001-01', '物资在业务单据中的使用权限'),
('1001-02', '物资分类'),
('1002', '物资计量单位'),
('1003', '仓库'),
('1003-01', '仓库在业务单据中的使用权限'),
('1004', '供应商档案'),
('1004-01', '供应商档案在业务单据中的使用权限'),
('1004-02', '供应商分类'),
('2005', '应付账款管理'),
('2008', '业务设置'),
('2027', '采购订单'),
('2029', '物资品牌'),
('3001', '供应合同'),
('3002', '门店订货'),
('3003', '向门店发货'),
('3004', '门店收货'),
('3005', '门店盘点模板管理'),
('3006', '门店盘点'),
('2000', '库存建账'),
('2001', '供应商订单收货'),
('2003', '库存账查询'),
('2007', '供应商订单退货');

TRUNCATE TABLE `t_menu_item`;
INSERT INTO `t_menu_item` (`id`, `caption`, `fid`, `parent_id`, `show_order`) VALUES
('01', '文件', NULL, NULL, 1),
('0101', '首页', '-9997', '01', 1),
('0102', '重新登录', '-9999', '01', 2),
('0103', '修改我的密码', '-9996', '01', 3),
('02', '采购', NULL, NULL, 2),
('0201', '供应合同', '3001', '02', 1),
('0202', '采购订单', '2027', '02', 2),
('0203', '供应商订单收货', '2001', '02', 3),
('0204', '供应商订单退货', '2007', '02', 4),
('03', '库存', NULL, NULL, 3),
('0301', '库存账查询', '2003', '03', 1),
('0302', '库存建账', '2000', '03', 2),
('04', '门店业务', NULL, NULL, 4),
('0401', '门店订货', '3002', '04', 1),
('0402', '向门店发货', '3003', '04', 2),
('0403', '门店收货', '3004', '04', 3),
('0404', '门店盘点模板管理', '3005', '04', 4),
('0405', '门店盘点', '3006', '04', 5),
('05', '资金', NULL, NULL, 6),
('0501', '应付账款管理', '2005', '05', 1),
('08', '基础数据', NULL, NULL, 8),
('0801', '物资', NULL, '08', 1),
('080101', '物资', '1001', '0801', 1),
('080102', '物资计量单位', '1002', '0801', 2),
('080103', '物资品牌', '2029', '0801', 3),
('0803', '仓库', '1003', '08', 3),
('0804', '供应商档案', '1004', '08', 4),
('09', '系统管理', NULL, NULL, 9),
('0901', '用户管理', '-8999', '09', 1),
('0902', '权限管理', '-8996', '09', 2),
('0903', '业务日志', '-8997', '09', 3),
('0904', '业务设置', '2008', '09', 4),
('10', '帮助', NULL, NULL, 10),
('1003', '关于', '-9994', '10', 3);

TRUNCATE TABLE `t_permission`;
INSERT INTO `t_permission` (`id`, `fid`, `name`, `note`, `category`, `py`, `show_order`) VALUES
('-8996', '-8996', '权限管理', '模块权限：通过菜单进入权限管理模块的权限', '权限管理', 'QXGL', 100),
('-8996-01', '-8996-01', '权限管理-新增角色', '按钮权限：权限管理模块[新增角色]按钮权限', '权限管理', 'QXGL_XZJS', 201),
('-8996-02', '-8996-02', '权限管理-编辑角色', '按钮权限：权限管理模块[编辑角色]按钮权限', '权限管理', 'QXGL_BJJS', 202),
('-8996-03', '-8996-03', '权限管理-删除角色', '按钮权限：权限管理模块[删除角色]按钮权限', '权限管理', 'QXGL_SCJS', 203),
('-8997', '-8997', '业务日志', '模块权限：通过菜单进入业务日志模块的权限', '系统管理', 'YWRZ', 100),
('-8999', '-8999', '用户管理', '模块权限：通过菜单进入用户管理模块的权限', '用户管理', 'YHGL', 100),
('-8999-01', '-8999-01', '组织机构在业务单据中的使用权限', '数据域权限：组织机构在业务单据中的使用权限', '用户管理', 'ZZJGZYWDJZDSYQX', 300),
('-8999-02', '-8999-02', '业务员在业务单据中的使用权限', '数据域权限：业务员在业务单据中的使用权限', '用户管理', 'YWYZYWDJZDSYQX', 301),
('-8999-03', '-8999-03', '用户管理-新增组织机构', '按钮权限：用户管理模块[新增组织机构]按钮权限', '用户管理', 'YHGL_XZZZJG', 201),
('-8999-04', '-8999-04', '用户管理-编辑组织机构', '按钮权限：用户管理模块[编辑组织机构]按钮权限', '用户管理', 'YHGL_BJZZJG', 202),
('-8999-05', '-8999-05', '用户管理-删除组织机构', '按钮权限：用户管理模块[删除组织机构]按钮权限', '用户管理', 'YHGL_SCZZJG', 203),
('-8999-06', '-8999-06', '用户管理-新增用户', '按钮权限：用户管理模块[新增用户]按钮权限', '用户管理', 'YHGL_XZYH', 204),
('-8999-07', '-8999-07', '用户管理-编辑用户', '按钮权限：用户管理模块[编辑用户]按钮权限', '用户管理', 'YHGL_BJYH', 205),
('-8999-08', '-8999-08', '用户管理-删除用户', '按钮权限：用户管理模块[删除用户]按钮权限', '用户管理', 'YHGL_SCYH', 206),
('-8999-09', '-8999-09', '用户管理-修改用户密码', '按钮权限：用户管理模块[修改用户密码]按钮权限', '用户管理', 'YHGL_XGYHMM', 207),
('1001', '1001', '物资', '模块权限：通过菜单进入物资模块的权限', '物资', 'SP', 100),
('1001-01', '1001-01', '物资在业务单据中的使用权限', '数据域权限：物资在业务单据中的使用权限', '物资', 'SPZYWDJZDSYQX', 300),
('1001-02', '1001-02', '物资分类', '数据域权限：物资模块中物资分类的数据权限', '物资', 'SPFL', 301),
('1001-03', '1001-03', '新增物资分类', '按钮权限：物资模块[新增物资分类]按钮权限', '物资', 'XZSPFL', 201),
('1001-04', '1001-04', '编辑物资分类', '按钮权限：物资模块[编辑物资分类]按钮权限', '物资', 'BJSPFL', 202),
('1001-05', '1001-05', '删除物资分类', '按钮权限：物资模块[删除物资分类]按钮权限', '物资', 'SCSPFL', 203),
('1001-06', '1001-06', '新增物资', '按钮权限：物资模块[新增物资]按钮权限', '物资', 'XZSP', 204),
('1001-07', '1001-07', '编辑物资', '按钮权限：物资模块[编辑物资]按钮权限', '物资', 'BJSP', 205),
('1001-08', '1001-08', '删除物资', '按钮权限：物资模块[删除物资]按钮权限', '物资', 'SCSP', 206),
('1001-10', '1001-10', '设置物资安全库存', '按钮权限：物资模块[设置安全库存]按钮权限', '物资', 'SZSPAQKC', 208),
('1002', '1002', '物资计量单位', '模块权限：通过菜单进入物资计量单位模块的权限', '物资', 'SPJLDW', 500),
('1003', '1003', '仓库', '模块权限：通过菜单进入仓库的权限', '仓库', 'CK', 100),
('1003-01', '1003-01', '仓库在业务单据中的使用权限', '数据域权限：仓库在业务单据中的使用权限', '仓库', 'CKZYWDJZDSYQX', 300),
('1003-02', '1003-02', '新增仓库', '按钮权限：仓库模块[新增仓库]按钮权限', '仓库', 'XZCK', 201),
('1003-03', '1003-03', '编辑仓库', '按钮权限：仓库模块[编辑仓库]按钮权限', '仓库', 'BJCK', 202),
('1003-04', '1003-04', '删除仓库', '按钮权限：仓库模块[删除仓库]按钮权限', '仓库', 'SCCK', 203),
('1003-05', '1003-05', '修改仓库数据域', '按钮权限：仓库模块[修改数据域]按钮权限', '仓库', 'XGCKSJY', 204),
('1004', '1004', '供应商档案', '模块权限：通过菜单进入供应商档案的权限', '供应商管理', 'GYSDA', 100),
('1004-01', '1004-01', '供应商档案在业务单据中的使用权限', '数据域权限：供应商档案在业务单据中的使用权限', '供应商管理', 'GYSDAZYWDJZDSYQX', 301),
('1004-02', '1004-02', '供应商分类', '数据域权限：供应商档案模块中供应商分类的数据权限', '供应商管理', 'GYSFL', 300),
('1004-03', '1004-03', '新增供应商分类', '按钮权限：供应商档案模块[新增供应商分类]按钮权限', '供应商管理', 'XZGYSFL', 201),
('1004-04', '1004-04', '编辑供应商分类', '按钮权限：供应商档案模块[编辑供应商分类]按钮权限', '供应商管理', 'BJGYSFL', 202),
('1004-05', '1004-05', '删除供应商分类', '按钮权限：供应商档案模块[删除供应商分类]按钮权限', '供应商管理', 'SCGYSFL', 203),
('1004-06', '1004-06', '新增供应商', '按钮权限：供应商档案模块[新增供应商]按钮权限', '供应商管理', 'XZGYS', 204),
('1004-07', '1004-07', '编辑供应商', '按钮权限：供应商档案模块[编辑供应商]按钮权限', '供应商管理', 'BJGYS', 205),
('1004-08', '1004-08', '删除供应商', '按钮权限：供应商档案模块[删除供应商]按钮权限', '供应商管理', 'SCGYS', 206),
('2005', '2005', '应付账款管理', '模块权限：通过菜单进入应付账款管理模块的权限', '应付账款管理', 'YFZKGL', 100),
('2008', '2008', '业务设置', '模块权限：通过菜单进入业务设置模块的权限', '系统管理', 'YWSZ', 100),
('2027', '2027', '采购订单', '模块权限：通过菜单进入采购订单模块的权限', '采购订单', 'CGDD', 100),
('2027-01', '2027-01', '采购订单-审核/取消审核', '按钮权限：采购订单模块[审核]按钮和[取消审核]按钮的权限', '采购订单', 'CGDD _ SH_QXSH', 204),
('2027-03', '2027-03', '采购订单-新建采购订单', '按钮权限：采购订单模块[新建采购订单]按钮权限', '采购订单', 'CGDD _ XJCGDD', 201),
('2027-04', '2027-04', '采购订单-编辑采购订单', '按钮权限：采购订单模块[编辑采购订单]按钮权限', '采购订单', 'CGDD _ BJCGDD', 202),
('2027-05', '2027-05', '采购订单-删除采购订单', '按钮权限：采购订单模块[删除采购订单]按钮权限', '采购订单', 'CGDD _ SCCGDD', 203),
('2027-06', '2027-06', '采购订单-关闭订单/取消关闭订单', '按钮权限：采购订单模块[关闭采购订单]和[取消采购订单关闭状态]按钮权限', '采购订单', 'CGDD _ GBDD_QXGBDD', 206),
('2029', '2029', '物资品牌', '模块权限：通过菜单进入物资品牌模块的权限', '物资', 'SPPP', 600),
('3001', '3001', '供应合同', '模块权限：通过菜单进入供应合同模块的权限', '供应合同', 'GYHT', 100),
('3002', '3002', '门店订货', '模块权限：通过菜单进入门店订货模块的权限', '门店订货', 'MDDH', 100),
('3002-01', '3002-01', '门店订货-新建门店订货单', '按钮权限：门店订货模块[新建门店订货单]按钮权限', '门店订货', '', 201),
('3002-02', '3002-02', '门店订货-编辑门店订货单', '按钮权限：门店订货模块[编辑门店订货单]按钮权限', '门店订货', '', 202),
('3002-03', '3002-03', '门店订货-删除门店订货单', '按钮权限：门店订货模块[删除门店订货单]按钮权限', '门店订货', '', 203),
('3002-04', '3002-04', '门店订货-审核/取消审核', '按钮权限：门店订货模块[审核]按钮和[取消审核]按钮的权限', '门店订货', '', 204),
('3002-05', '3002-05', '门店订货-生成采购订单', '按钮权限：门店订货模块[生成采购订单]按钮权限', '门店订货', '', 205),
('3002-06', '3002-06', '门店订货-关闭订单/取消关闭订单', '按钮权限：门店订货模块[关闭门店订货单]和[取消门店订货单关闭状态]按钮权限', '门店订货', '', 206),
('2001', '2001', '供应商订单收货', '模块权限：通过菜单进入供应商订单收货模块的权限', '供应商订单收货', 'GYSDDSH', 100),
('2001-01', '2001-01', '供应商订单收货-新建采购入库单', '按钮权限：供应商订单收货模块[新建采购入库单]按钮权限', '供应商订单收货', 'GYSDDSH_XJCGRKD', 201),
('2001-02', '2001-02', '供应商订单收货-编辑采购入库单', '按钮权限：供应商订单收货模块[编辑采购入库单]按钮权限', '供应商订单收货', 'GYSDDSH_BJCGRKD', 202),
('2001-03', '2001-03', '供应商订单收货-删除采购入库单', '按钮权限：供应商订单收货模块[删除采购入库单]按钮权限', '供应商订单收货', 'GYSDDSH_SCCGRKD', 203),
('2001-04', '2001-04', '供应商订单收货-提交入库', '按钮权限：供应商订单收货模块[提交入库]按钮权限', '供应商订单收货', 'GYSDDSH_TJRK', 204),
('2000', '2000', '库存建账', '模块权限：通过菜单进入库存建账模块的权限', '库存建账', 'KCJZ', 100),
('2003', '2003', '库存账查询', '模块权限：通过菜单进入库存账查询模块的权限', '库存账查询', 'KCZCX', 100),
('2007', '2007', '供应商订单退货', '模块权限：通过菜单进入供应商订单退货模块的权限', '供应商订单退货', 'GYSDDTH', 100),
('2007-01', '2007-01', '供应商订单退货-新建采购退货出库单', '按钮权限：供应商订单退货模块[新建采购退货出库单]按钮权限', '供应商订单退货', 'GYSDDTH_XJCGTHCKD', 201),
('2007-02', '2007-02', '供应商订单退货-编辑采购退货出库单', '按钮权限：供应商订单退货模块[编辑采购退货出库单]按钮权限', '供应商订单退货', 'GYSDDTH_BJCGTHCKD', 202),
('2007-03', '2007-03', '供应商订单退货-删除采购退货出库单', '按钮权限：供应商订单退货模块[删除采购退货出库单]按钮权限', '供应商订单退货', 'GYSDDTH_SCCGTHCKD', 203),
('2007-04', '2007-04', '供应商订单退货-提交采购退货出库单', '按钮权限：供应商订单退货模块[提交采购退货出库单]按钮权限', '供应商订单退货', 'GYSDDTH_TJCGTHCKD', 204),
('3003', '3003', '向门店发货', '模块权限：通过菜单进入向门店发货模块的权限', '向门店发货', 'XMDFH', 100),
('3003-01', '3003-01', '向门店发货-新建物流单', '按钮权限：向门店发货模块[新建物流单]按钮权限', '向门店发货', 'XMDFH_XJWLD', 201),
('3003-02', '3003-02', '向门店发货-编辑物流单', '按钮权限：向门店发货模块[编辑物流单]按钮权限', '向门店发货', 'XMDFH_BJWLD', 202),
('3003-03', '3003-03', '向门店发货-删除物流单', '按钮权限：向门店发货模块[删除物流单]按钮权限', '向门店发货', 'XMDFH_SCWLD', 203),
('3003-04', '3003-04', '向门店发货-发货提交出库', '按钮权限：向门店发货模块[发货提交出库]按钮权限', '向门店发货', 'XMDFH_TJWLD', 204),
('3003-06', '3003-06', '向门店发货-门店退货提交入库', '按钮权限：向门店发货模块[门店退货提交入库]按钮权限', '向门店发货', 'XMDFH_TJWLD', 206),
('3004', '3004', '门店收货', '模块权限：通过菜单进入门店收货模块的权限', '门店收货', 'MDSH', 100),
('3005', '3005', '门店盘点模板管理', '模块权限：通过菜单进入门店盘点模板管理模块的权限', '门店盘点模板管理', 'MDPDMBGL', 100),
('3006', '3006', '门店盘点', '模块权限：通过菜单进入门店盘点模块的权限', '门店盘点', 'MDPD', 100),
('3006-01', '3006-01', '门店盘点-新建消耗单', '按钮权限：门店盘点模块[新建消耗单]按钮权限', '门店盘点', 'MDPD_XJXHD', 201),
('3006-02', '3006-02', '门店盘点-编辑消耗单', '按钮权限：门店盘点模块[编辑消耗单]按钮权限', '门店盘点', 'MDPD_BJXHD', 202),
('3006-03', '3006-03', '门店盘点-删除消耗单', '按钮权限：门店盘点模块[删除消耗单]按钮权限', '门店盘点', 'MDPD_SCXHD', 203),
('3006-04', '3006-04', '门店盘点-提交更新库存', '按钮权限：门店盘点模块[提交更新库存]按钮权限', '门店盘点', 'MDPD_TJGXKC', 204);


TRUNCATE TABLE `t_org`;
INSERT INTO `t_org` (`id`, `full_name`, `name`, `org_code`, `data_org`, `parent_id`, `create_user_id`, `create_dt`) VALUES
('4D74E1E4-A129-11E4-9B6A-782BCBD7746B', '公司', '公司', '01', '01', NULL, '6C2A09CD-A129-11E4-9B6A-782BCBD7746B', now()),
('5EBDBE11-A129-11E4-9B6A-782BCBD7746B', '公司\\信息部', '信息部', '0101', '0101', '4D74E1E4-A129-11E4-9B6A-782BCBD7746B', '6C2A09CD-A129-11E4-9B6A-782BCBD7746B', now());

TRUNCATE TABLE `t_role`;
INSERT INTO `t_role` (`id`, `name`, `data_org`, `company_id`, `code`) VALUES
('A83F617E-A153-11E4-A9B8-782BCBD7746B', '系统管理', '01010001', '4D74E1E4-A129-11E4-9B6A-782BCBD7746B', '01');

TRUNCATE TABLE `t_role_permission`;
INSERT INTO `t_role_permission` (`role_id`, `permission_id`)
SELECT 'A83F617E-A153-11E4-A9B8-782BCBD7746B' as role_id, fid as permission_id from t_permission;

TRUNCATE TABLE `t_role_user`;
INSERT INTO `t_role_user` (`role_id`, `user_id`) VALUES
('A83F617E-A153-11E4-A9B8-782BCBD7746B', '6C2A09CD-A129-11E4-9B6A-782BCBD7746B');

TRUNCATE TABLE `t_user`;
INSERT INTO `t_user` (`id`, `enabled`, `login_name`, `name`, `org_id`, `org_code`, `data_org`, `password`, `py`) VALUES
('6C2A09CD-A129-11E4-9B6A-782BCBD7746B', '1', 'admin', '系统管理员', '5EBDBE11-A129-11E4-9B6A-782BCBD7746B', '019901', '01010001', '21232f297a57a5a743894a0e4a801fc3', 'XTGLY');

TRUNCATE TABLE `t_config`;
INSERT INTO `t_config` (`id`, `name`, `value`, `note`, `show_order`) VALUES
('9000-01', '公司名称', '', '', 100),
('9000-02', '公司地址', '', '', 101),
('9000-03', '公司电话', '', '', 102),
('9000-04', '公司传真', '', '', 103),
('9000-05', '公司邮编', '', '', 104),
('9001-01', '增值税税率', '17', '', 501),
('9002-01', '产品名称', '云供应链管理系统', '', 0),
('9003-01', '采购订单单号前缀', 'PO', '', 601),
('9003-02', '采购入库单单号前缀', 'PW', '', 602),
('9003-03', '采购退货出库单单号前缀', 'PR', '', 603),
('9003-06', '调拨单单号前缀', 'IT', '', 606),
('9003-07', '盘点单单号前缀', 'IC', '', 607);

update t_config set company_id = '4D74E1E4-A129-11E4-9B6A-782BCBD7746B' ;

TRUNCATE TABLE `t_psi_db_version`;
INSERT INTO `t_psi_db_version` (`db_version`, `update_dt`) VALUES
('20180918-01', now());

/*!40101 SET CHARACTER_SET_CLIENT=@OLD_CHARACTER_SET_CLIENT */;
/*!40101 SET CHARACTER_SET_RESULTS=@OLD_CHARACTER_SET_RESULTS */;
/*!40101 SET COLLATION_CONNECTION=@OLD_COLLATION_CONNECTION */;
